{"version":"0.4","title":"LearnDash Single Lesson","type":"sfwd-lessons","content":[{"id":"26d07ac4","settings":[],"elements":[{"id":"7b3538c7","settings":{"_column_size":100,"_inline_size":null},"elements":[{"id":"416427ee","settings":{"__dynamic__":{"title":"[elementor-tag id=\"\" name=\"post-title\" settings=\"%7B%22before%22%3A%22%22%2C%22after%22%3A%22%22%2C%22fallback%22%3A%22%22%7D\"]"},"title":"Add Your Heading Text Here"},"elements":[],"isInner":false,"widgetType":"theme-post-title","elType":"widget"}],"isInner":false,"elType":"column"}],"isInner":false,"elType":"section"},{"id":"10c652c7","settings":[],"elements":[{"id":"289beb20","settings":{"_column_size":100,"_inline_size":null},"elements":[{"id":"6a360b18","settings":{"preview_step_id":"53","infobar_status_step_step_breadcrumbs_text_color":"","infobar_status_step_step_breadcrumbs_arrow_color":"","infobar_status_step_background_color":"","infobar_status_step_step_breadcrumbs_text_color_font_size":{"unit":"px","size":29,"sizes":[]},"infobar_status_step_status_bubble_text_font_size":{"unit":"px","size":17,"sizes":[]},"infobar_status_step_status_bubble_text_color":"#1AED6C","infobar_status_step_status_bubble_background_color":"#EA0D0D","control_infobar_status_step_background_color":"","control_infobar_status_step_status_bubble_text_color":"","control_infobar_status_step_status_bubble_background_color":""},"elements":[],"isInner":false,"widgetType":"ld-course-infobar","elType":"widget"},{"id":"3943bf77","settings":[],"elements":[],"isInner":false,"widgetType":"theme-post-content","elType":"widget"},{"id":"74fef824","settings":{"preview_step_id":"53","control_course_header_expand_text_color":"","control_course_header_expand_text_background_color":"","control_course_row_item_background_color":"#FFFFFF","control_course_row_item_border_color":"","control_course_row_item_expand_text_color":"","control_course_row_item_expand_text_background_color":"","_border_width":{"unit":"px","top":"0","right":"0","bottom":"0","left":"0","isLinked":true},"preview_user_id":null,"control_course_row_item_title_color":"#CF3535","control_course_header_text_background_color":"#4054B2","control_course_header_text_font_family":"Arial","control_course_header_text_font_size":{"unit":"px","size":31,"sizes":[]},"control_course_header_text_color":"#A6D0E1","control_course_row_item_title_text_font_size":{"unit":"px","size":51,"sizes":[]},"control_course_content_footer_links":"#FFFFFF","section_style_course_content_footer_links_text_font_size":{"unit":"px","size":32,"sizes":[]},"section_style_course_content_footer_links_color":"#D52F2F","control_course_content_header_text_background_color":"","control_course_content_row_item_title_color":"","control_course_content_row_item_background_color":"","control_course_content_footer_links_color":"","control_course_content_footer_navigation_text_color":"","control_course_content_footer_navigation_text_background_color":"","control_course_content_footer_mark_complete_text_color":"","control_course_content_footer_mark_complete_text_background_color":""},"elements":[],"isInner":false,"widgetType":"ld-course-content","elType":"widget"}],"isInner":false,"elType":"column"}],"isInner":false,"elType":"section"},{"id":"66f95654","settings":[],"elements":[{"id":"715e5a67","settings":{"_column_size":100,"_inline_size":null},"elements":[],"isInner":false,"elType":"column"}],"isInner":false,"elType":"section"}],"page_settings":{"step_material_select":"append"}}