<?xml version="1.0"?>
<ruleset xmlns:xsi="http://www.w3.org/2001/XMLSchema-instance" name="LearnDash" xsi:noNamespaceSchemaLocation="vendor/squizlabs/php_codesniffer/phpcs.xsd">

	<description>The custom Docs ruleset for the LearnDash plugin.</description>

	<!-- For help in understanding this file: https://github.com/squizlabs/PHP_CodeSniffer/wiki/Annotated-ruleset.xml -->
	<!-- For help in using PHPCS: https://github.com/squizlabs/PHP_CodeSniffer/wiki/Usage -->

	<!-- What to scan -->
	<file>.</file>
	<!-- Ignoring Files and Folders:
		https://github.com/squizlabs/PHP_CodeSniffer/wiki/Advanced-Usage#ignoring-files-and-folders -->
	<exclude-pattern>/node_modules/</exclude-pattern>
	<exclude-pattern>/vendor/</exclude-pattern>
	<exclude-pattern>/dev_scripts/</exclude-pattern>
	<exclude-pattern>/docs/</exclude-pattern>
	<exclude-pattern>/includes/lib/tcpdf</exclude-pattern>
	<exclude-pattern>/includes/lib/parsecsv-for-php</exclude-pattern>
	<exclude-pattern>/includes/lib/paypal/ipnlistener.php</exclude-pattern>
	<exclude-pattern>/includes/lib/paypal/enhanced-paypal-shortcodes.php</exclude-pattern>


	<!-- How to scan -->
	<!-- Show sniff and progress -->
	<arg value="sp"/>
	<!-- Formats of the report -->
	<arg name="report" value="full,summary,source"/>
	<!-- Show results with colors -->
	<arg name="colors"/>
	<!-- Enables parallel processing when available for faster results. -->
	<arg name="parallel" value="50"/>
	<!-- Limit to PHP files -->
	<arg name="extensions" value="php"/>

	<!-- For help in understanding this custom sniff properties:
		https://github.com/WordPress-Coding-Standards/WordPress-Coding-Standards/wiki/Customizable-sniff-properties -->
	<rule ref="WordPress-Docs">
	</rule>
</ruleset>
